<?xml version="1.0" encoding="UTF-8"?>
<FileZilla3 version="3.58.0" platform="windows">
	<Servers>
		<Server>
			<Host>gluchdev.sftp.wpengine.com</Host>
			<Port>2222</Port>
			<Protocol>1</Protocol>
			<Type>0</Type>
			<User>gluchdev-tk</User>
			<Pass encoding="base64">RnRwITIzJCU2Nyo=</Pass>
			<Logontype>1</Logontype>
			<EncodingType>Auto</EncodingType>
			<BypassProxy>0</BypassProxy>
			<Name>gluchdev.sftp.wpengine.com</Name>
			<SyncBrowsing>0</SyncBrowsing>
			<DirectoryComparison>0</DirectoryComparison>
		</Server>
	</Servers>
</FileZilla3>
